User Input,Chatbot Response,Timestamp
hello,Hi there,2024-09-10 01:21:51
how are you ,My purpose is to assist you,2024-09-10 01:21:57
weather ,"I'm sorry, I cannot provide real-time weather information.",2024-09-10 01:22:20
How do I create a budget,"To make a budget, start by tracking your income and expenses. Then, allocate your income towards essential expenses like rent, food, and bills. Next, allocate some of your income towards savings and debt repayment. Finally, allocate the remainder of your income towards discretionary expenses like entertainment and hobbies.",2024-09-10 01:22:30
Today is a nice weather,"I'm sorry, I cannot provide real-time weather information.",2024-10-03 08:29:52
How's the weather today,"I'm sorry, I cannot provide real-time weather information.",2024-10-03 08:30:47
Hi,Hello,2024-10-03 08:30:56
hello,Hey,2024-12-06 08:49:45
how are you,Nothing much,2024-12-06 10:37:43
Recommend me a movie,"As an AI, I don't watch movies, but I can suggest some popular ones like The Shawshank Redemption, Inception, or The Godfather.",2024-12-06 10:38:54
Recommend me a movie,"As an AI, I don't watch movies, but I can suggest some popular ones like The Shawshank Redemption, Inception, or The Godfather.",2024-12-06 10:39:23
salman khan,"Gardening tips include choosing the right plants for your climate, watering properly, and using organic fertilizers.",2024-12-06 10:43:50
gandhi,Growing a vegetable garden allows you to enjoy fresh produce and connect with nature.,2024-12-06 10:44:04
gandhi,An error occurred while fetching information. Please try again.,2024-12-06 10:52:56
Taj Mahal,An error occurred while fetching information. Please try again.,2024-12-06 10:53:24
Ironman,An error occurred while fetching information. Please try again.,2024-12-06 10:53:33
python ,An error occurred while fetching information. Please try again.,2024-12-06 10:58:05
hey,"Windows NT is a proprietary graphical operating system produced by Microsoft as part of its Windows product line, the first version of which, Windows NT 3.1, was released on July 27, 1993. Originally made for the workstation, office, and server markets, the Windows NT line was made available to consumers with the release of Windows XP in 2001.",2024-12-06 10:58:18
how are you,An error occurred while fetching information. Please try again.,2024-12-06 10:58:41
how are you,An error occurred while fetching information. Please try again.,2024-12-06 10:59:52
how are you,"Who Are You is the eighth studio album by the English rock band the Who, released on 18 August 1978 by Polydor Records in the United Kingdom and on 21 August 1978 by MCA Records in the United States. Although the album received mixed reviews from critics, it was a commercial success, peaking at number 2 on the US charts and number 6 on the UK charts.",2024-12-06 11:06:58
hello,"In religion and folklore, hell is a location or state in the afterlife in which souls are subjected to punitive suffering, most often through torture, as punishment after death. Religions with a linear divine history often depict hells as eternal destinations, the biggest examples of which are Christianity and Islam, whereas religions with reincarnation usually depict a hell as an intermediary period between incarnations, as is the case in the Indian religions.",2024-12-06 11:07:16
hey,Multiple results found for 'hey'. Please be more specific.,2024-12-06 11:07:30
good morning,Multiple results found for 'good morning'. Please be more specific.,2024-12-06 11:07:49
how are you,,2024-12-07 11:23:53
hi,,2024-12-07 11:24:42
hello,,2024-12-07 11:39:11
hello,Hey,2024-12-07 11:41:40
good morning,"Gardening tips include choosing the right plants for your climate, watering properly, and using organic fertilizers.",2024-12-08 21:46:39
how are you,Hello,2024-12-08 21:47:07
hello,Nothing much,2024-12-08 21:47:16
hello,Hello,2024-12-08 21:47:27
